event_id,building_id,event_type,start_time,end_time,expected_attendance
event_2024-12-08_4,bldg_4,exam,2024-12-08 18:00:19.966667,2024-12-08 21:00:19.966667,167
lecture_2024-12-09_1,bldg_1,lecture,2024-12-09 09:00:19.966667,2024-12-09 10:30:19.966667,69
lecture_2024-12-09_2,bldg_2,lecture,2024-12-09 09:00:19.966667,2024-12-09 10:30:19.966667,31
lecture_2024-12-09_3,bldg_3,lecture,2024-12-09 09:00:19.966667,2024-12-09 10:30:19.966667,78
lecture_2024-12-09_4,bldg_4,lecture,2024-12-09 09:00:19.966667,2024-12-09 10:30:19.966667,50
lecture_2024-12-09_5,bldg_5,lecture,2024-12-09 09:00:19.966667,2024-12-09 10:30:19.966667,74
lecture_2024-12-10_1,bldg_1,lecture,2024-12-10 09:00:19.966667,2024-12-10 10:30:19.966667,68
lecture_2024-12-10_2,bldg_2,lecture,2024-12-10 09:00:19.966667,2024-12-10 10:30:19.966667,81
lecture_2024-12-10_3,bldg_3,lecture,2024-12-10 09:00:19.966667,2024-12-10 10:30:19.966667,50
lecture_2024-12-10_4,bldg_4,lecture,2024-12-10 09:00:19.966667,2024-12-10 10:30:19.966667,100
lecture_2024-12-10_5,bldg_5,lecture,2024-12-10 09:00:19.966667,2024-12-10 10:30:19.966667,82
lecture_2024-12-11_1,bldg_1,lecture,2024-12-11 09:00:19.966667,2024-12-11 10:30:19.966667,88
lecture_2024-12-11_2,bldg_2,lecture,2024-12-11 09:00:19.966667,2024-12-11 10:30:19.966667,52
lecture_2024-12-11_3,bldg_3,lecture,2024-12-11 09:00:19.966667,2024-12-11 10:30:19.966667,48
lecture_2024-12-11_4,bldg_4,lecture,2024-12-11 09:00:19.966667,2024-12-11 10:30:19.966667,68
lecture_2024-12-11_5,bldg_5,lecture,2024-12-11 09:00:19.966667,2024-12-11 10:30:19.966667,68
lecture_2024-12-12_1,bldg_1,lecture,2024-12-12 09:00:19.966667,2024-12-12 10:30:19.966667,98
lecture_2024-12-12_2,bldg_2,lecture,2024-12-12 09:00:19.966667,2024-12-12 10:30:19.966667,48
lecture_2024-12-12_3,bldg_3,lecture,2024-12-12 09:00:19.966667,2024-12-12 10:30:19.966667,65
lecture_2024-12-12_4,bldg_4,lecture,2024-12-12 09:00:19.966667,2024-12-12 10:30:19.966667,38
lecture_2024-12-12_5,bldg_5,lecture,2024-12-12 09:00:19.966667,2024-12-12 10:30:19.966667,41
lecture_2024-12-13_1,bldg_1,lecture,2024-12-13 09:00:19.966667,2024-12-13 10:30:19.966667,75
lecture_2024-12-13_2,bldg_2,lecture,2024-12-13 09:00:19.966667,2024-12-13 10:30:19.966667,77
lecture_2024-12-13_3,bldg_3,lecture,2024-12-13 09:00:19.966667,2024-12-13 10:30:19.966667,43
lecture_2024-12-13_4,bldg_4,lecture,2024-12-13 09:00:19.966667,2024-12-13 10:30:19.966667,87
lecture_2024-12-13_5,bldg_5,lecture,2024-12-13 09:00:19.966667,2024-12-13 10:30:19.966667,37
lecture_2024-12-16_1,bldg_1,lecture,2024-12-16 09:00:19.966667,2024-12-16 10:30:19.966667,69
lecture_2024-12-16_2,bldg_2,lecture,2024-12-16 09:00:19.966667,2024-12-16 10:30:19.966667,96
lecture_2024-12-16_3,bldg_3,lecture,2024-12-16 09:00:19.966667,2024-12-16 10:30:19.966667,47
lecture_2024-12-16_4,bldg_4,lecture,2024-12-16 09:00:19.966667,2024-12-16 10:30:19.966667,91
lecture_2024-12-16_5,bldg_5,lecture,2024-12-16 09:00:19.966667,2024-12-16 10:30:19.966667,68
lecture_2024-12-17_1,bldg_1,lecture,2024-12-17 09:00:19.966667,2024-12-17 10:30:19.966667,31
lecture_2024-12-17_2,bldg_2,lecture,2024-12-17 09:00:19.966667,2024-12-17 10:30:19.966667,95
lecture_2024-12-17_3,bldg_3,lecture,2024-12-17 09:00:19.966667,2024-12-17 10:30:19.966667,58
lecture_2024-12-17_4,bldg_4,lecture,2024-12-17 09:00:19.966667,2024-12-17 10:30:19.966667,62
lecture_2024-12-17_5,bldg_5,lecture,2024-12-17 09:00:19.966667,2024-12-17 10:30:19.966667,32
lecture_2024-12-18_1,bldg_1,lecture,2024-12-18 09:00:19.966667,2024-12-18 10:30:19.966667,63
lecture_2024-12-18_2,bldg_2,lecture,2024-12-18 09:00:19.966667,2024-12-18 10:30:19.966667,66
lecture_2024-12-18_3,bldg_3,lecture,2024-12-18 09:00:19.966667,2024-12-18 10:30:19.966667,87
lecture_2024-12-18_4,bldg_4,lecture,2024-12-18 09:00:19.966667,2024-12-18 10:30:19.966667,43
lecture_2024-12-18_5,bldg_5,lecture,2024-12-18 09:00:19.966667,2024-12-18 10:30:19.966667,45
lecture_2024-12-19_1,bldg_1,lecture,2024-12-19 09:00:19.966667,2024-12-19 10:30:19.966667,47
lecture_2024-12-19_2,bldg_2,lecture,2024-12-19 09:00:19.966667,2024-12-19 10:30:19.966667,83
lecture_2024-12-19_3,bldg_3,lecture,2024-12-19 09:00:19.966667,2024-12-19 10:30:19.966667,89
lecture_2024-12-19_4,bldg_4,lecture,2024-12-19 09:00:19.966667,2024-12-19 10:30:19.966667,69
lecture_2024-12-19_5,bldg_5,lecture,2024-12-19 09:00:19.966667,2024-12-19 10:30:19.966667,59
lecture_2024-12-20_1,bldg_1,lecture,2024-12-20 09:00:19.966667,2024-12-20 10:30:19.966667,85
lecture_2024-12-20_2,bldg_2,lecture,2024-12-20 09:00:19.966667,2024-12-20 10:30:19.966667,87
lecture_2024-12-20_3,bldg_3,lecture,2024-12-20 09:00:19.966667,2024-12-20 10:30:19.966667,94
lecture_2024-12-20_4,bldg_4,lecture,2024-12-20 09:00:19.966667,2024-12-20 10:30:19.966667,98
lecture_2024-12-20_5,bldg_5,lecture,2024-12-20 09:00:19.966667,2024-12-20 10:30:19.966667,47
lecture_2024-12-23_1,bldg_1,lecture,2024-12-23 09:00:19.966667,2024-12-23 10:30:19.966667,87
lecture_2024-12-23_2,bldg_2,lecture,2024-12-23 09:00:19.966667,2024-12-23 10:30:19.966667,97
lecture_2024-12-23_3,bldg_3,lecture,2024-12-23 09:00:19.966667,2024-12-23 10:30:19.966667,90
lecture_2024-12-23_4,bldg_4,lecture,2024-12-23 09:00:19.966667,2024-12-23 10:30:19.966667,37
lecture_2024-12-23_5,bldg_5,lecture,2024-12-23 09:00:19.966667,2024-12-23 10:30:19.966667,57
event_2024-12-23_5,bldg_5,event,2024-12-23 18:00:19.966667,2024-12-23 21:00:19.966667,141
lecture_2024-12-24_1,bldg_1,lecture,2024-12-24 09:00:19.966667,2024-12-24 10:30:19.966667,79
lecture_2024-12-24_2,bldg_2,lecture,2024-12-24 09:00:19.966667,2024-12-24 10:30:19.966667,43
lecture_2024-12-24_3,bldg_3,lecture,2024-12-24 09:00:19.966667,2024-12-24 10:30:19.966667,44
lecture_2024-12-24_4,bldg_4,lecture,2024-12-24 09:00:19.966667,2024-12-24 10:30:19.966667,94
lecture_2024-12-24_5,bldg_5,lecture,2024-12-24 09:00:19.966667,2024-12-24 10:30:19.966667,89
lecture_2024-12-25_1,bldg_1,lecture,2024-12-25 09:00:19.966667,2024-12-25 10:30:19.966667,60
lecture_2024-12-25_2,bldg_2,lecture,2024-12-25 09:00:19.966667,2024-12-25 10:30:19.966667,64
lecture_2024-12-25_3,bldg_3,lecture,2024-12-25 09:00:19.966667,2024-12-25 10:30:19.966667,92
lecture_2024-12-25_4,bldg_4,lecture,2024-12-25 09:00:19.966667,2024-12-25 10:30:19.966667,97
lecture_2024-12-25_5,bldg_5,lecture,2024-12-25 09:00:19.966667,2024-12-25 10:30:19.966667,30
lecture_2024-12-26_1,bldg_1,lecture,2024-12-26 09:00:19.966667,2024-12-26 10:30:19.966667,90
lecture_2024-12-26_2,bldg_2,lecture,2024-12-26 09:00:19.966667,2024-12-26 10:30:19.966667,50
lecture_2024-12-26_3,bldg_3,lecture,2024-12-26 09:00:19.966667,2024-12-26 10:30:19.966667,72
lecture_2024-12-26_4,bldg_4,lecture,2024-12-26 09:00:19.966667,2024-12-26 10:30:19.966667,31
lecture_2024-12-26_5,bldg_5,lecture,2024-12-26 09:00:19.966667,2024-12-26 10:30:19.966667,71
lecture_2024-12-27_1,bldg_1,lecture,2024-12-27 09:00:19.966667,2024-12-27 10:30:19.966667,60
lecture_2024-12-27_2,bldg_2,lecture,2024-12-27 09:00:19.966667,2024-12-27 10:30:19.966667,55
lecture_2024-12-27_3,bldg_3,lecture,2024-12-27 09:00:19.966667,2024-12-27 10:30:19.966667,45
lecture_2024-12-27_4,bldg_4,lecture,2024-12-27 09:00:19.966667,2024-12-27 10:30:19.966667,81
lecture_2024-12-27_5,bldg_5,lecture,2024-12-27 09:00:19.966667,2024-12-27 10:30:19.966667,34
lecture_2024-12-30_1,bldg_1,lecture,2024-12-30 09:00:19.966667,2024-12-30 10:30:19.966667,83
lecture_2024-12-30_2,bldg_2,lecture,2024-12-30 09:00:19.966667,2024-12-30 10:30:19.966667,32
lecture_2024-12-30_3,bldg_3,lecture,2024-12-30 09:00:19.966667,2024-12-30 10:30:19.966667,49
lecture_2024-12-30_4,bldg_4,lecture,2024-12-30 09:00:19.966667,2024-12-30 10:30:19.966667,84
lecture_2024-12-30_5,bldg_5,lecture,2024-12-30 09:00:19.966667,2024-12-30 10:30:19.966667,49
lecture_2024-12-31_1,bldg_1,lecture,2024-12-31 09:00:19.966667,2024-12-31 10:30:19.966667,68
lecture_2024-12-31_2,bldg_2,lecture,2024-12-31 09:00:19.966667,2024-12-31 10:30:19.966667,36
lecture_2024-12-31_3,bldg_3,lecture,2024-12-31 09:00:19.966667,2024-12-31 10:30:19.966667,43
lecture_2024-12-31_4,bldg_4,lecture,2024-12-31 09:00:19.966667,2024-12-31 10:30:19.966667,78
lecture_2024-12-31_5,bldg_5,lecture,2024-12-31 09:00:19.966667,2024-12-31 10:30:19.966667,49
lecture_2025-01-01_1,bldg_1,lecture,2025-01-01 09:00:19.966667,2025-01-01 10:30:19.966667,55
lecture_2025-01-01_2,bldg_2,lecture,2025-01-01 09:00:19.966667,2025-01-01 10:30:19.966667,89
lecture_2025-01-01_3,bldg_3,lecture,2025-01-01 09:00:19.966667,2025-01-01 10:30:19.966667,51
lecture_2025-01-01_4,bldg_4,lecture,2025-01-01 09:00:19.966667,2025-01-01 10:30:19.966667,42
lecture_2025-01-01_5,bldg_5,lecture,2025-01-01 09:00:19.966667,2025-01-01 10:30:19.966667,82
event_2025-01-01_4,bldg_4,event,2025-01-01 18:00:19.966667,2025-01-01 21:00:19.966667,181
lecture_2025-01-02_1,bldg_1,lecture,2025-01-02 09:00:19.966667,2025-01-02 10:30:19.966667,47
lecture_2025-01-02_2,bldg_2,lecture,2025-01-02 09:00:19.966667,2025-01-02 10:30:19.966667,87
lecture_2025-01-02_3,bldg_3,lecture,2025-01-02 09:00:19.966667,2025-01-02 10:30:19.966667,100
lecture_2025-01-02_4,bldg_4,lecture,2025-01-02 09:00:19.966667,2025-01-02 10:30:19.966667,78
lecture_2025-01-02_5,bldg_5,lecture,2025-01-02 09:00:19.966667,2025-01-02 10:30:19.966667,99
lecture_2025-01-03_1,bldg_1,lecture,2025-01-03 09:00:19.966667,2025-01-03 10:30:19.966667,74
lecture_2025-01-03_2,bldg_2,lecture,2025-01-03 09:00:19.966667,2025-01-03 10:30:19.966667,92
lecture_2025-01-03_3,bldg_3,lecture,2025-01-03 09:00:19.966667,2025-01-03 10:30:19.966667,32
lecture_2025-01-03_4,bldg_4,lecture,2025-01-03 09:00:19.966667,2025-01-03 10:30:19.966667,50
lecture_2025-01-03_5,bldg_5,lecture,2025-01-03 09:00:19.966667,2025-01-03 10:30:19.966667,87
lecture_2025-01-06_1,bldg_1,lecture,2025-01-06 09:00:19.966667,2025-01-06 10:30:19.966667,95
lecture_2025-01-06_2,bldg_2,lecture,2025-01-06 09:00:19.966667,2025-01-06 10:30:19.966667,78
lecture_2025-01-06_3,bldg_3,lecture,2025-01-06 09:00:19.966667,2025-01-06 10:30:19.966667,47
lecture_2025-01-06_4,bldg_4,lecture,2025-01-06 09:00:19.966667,2025-01-06 10:30:19.966667,79
lecture_2025-01-06_5,bldg_5,lecture,2025-01-06 09:00:19.966667,2025-01-06 10:30:19.966667,100
lecture_2025-01-07_1,bldg_1,lecture,2025-01-07 09:00:19.966667,2025-01-07 10:30:19.966667,83
lecture_2025-01-07_2,bldg_2,lecture,2025-01-07 09:00:19.966667,2025-01-07 10:30:19.966667,31
lecture_2025-01-07_3,bldg_3,lecture,2025-01-07 09:00:19.966667,2025-01-07 10:30:19.966667,38
lecture_2025-01-07_4,bldg_4,lecture,2025-01-07 09:00:19.966667,2025-01-07 10:30:19.966667,62
lecture_2025-01-07_5,bldg_5,lecture,2025-01-07 09:00:19.966667,2025-01-07 10:30:19.966667,92
lecture_2025-01-08_1,bldg_1,lecture,2025-01-08 09:00:19.966667,2025-01-08 10:30:19.966667,63
lecture_2025-01-08_2,bldg_2,lecture,2025-01-08 09:00:19.966667,2025-01-08 10:30:19.966667,79
lecture_2025-01-08_3,bldg_3,lecture,2025-01-08 09:00:19.966667,2025-01-08 10:30:19.966667,30
lecture_2025-01-08_4,bldg_4,lecture,2025-01-08 09:00:19.966667,2025-01-08 10:30:19.966667,54
lecture_2025-01-08_5,bldg_5,lecture,2025-01-08 09:00:19.966667,2025-01-08 10:30:19.966667,70
event_2025-01-08_3,bldg_3,exam,2025-01-08 18:00:19.966667,2025-01-08 21:00:19.966667,103
lecture_2025-01-09_1,bldg_1,lecture,2025-01-09 09:00:19.966667,2025-01-09 10:30:19.966667,30
lecture_2025-01-09_2,bldg_2,lecture,2025-01-09 09:00:19.966667,2025-01-09 10:30:19.966667,41
lecture_2025-01-09_3,bldg_3,lecture,2025-01-09 09:00:19.966667,2025-01-09 10:30:19.966667,77
lecture_2025-01-09_4,bldg_4,lecture,2025-01-09 09:00:19.966667,2025-01-09 10:30:19.966667,87
lecture_2025-01-09_5,bldg_5,lecture,2025-01-09 09:00:19.966667,2025-01-09 10:30:19.966667,71
lecture_2025-01-10_1,bldg_1,lecture,2025-01-10 09:00:19.966667,2025-01-10 10:30:19.966667,75
lecture_2025-01-10_2,bldg_2,lecture,2025-01-10 09:00:19.966667,2025-01-10 10:30:19.966667,95
lecture_2025-01-10_3,bldg_3,lecture,2025-01-10 09:00:19.966667,2025-01-10 10:30:19.966667,83
lecture_2025-01-10_4,bldg_4,lecture,2025-01-10 09:00:19.966667,2025-01-10 10:30:19.966667,35
lecture_2025-01-10_5,bldg_5,lecture,2025-01-10 09:00:19.966667,2025-01-10 10:30:19.966667,51
event_2025-01-10_1,bldg_1,exam,2025-01-10 18:00:19.966667,2025-01-10 21:00:19.966667,213
lecture_2025-01-13_1,bldg_1,lecture,2025-01-13 09:00:19.966667,2025-01-13 10:30:19.966667,63
lecture_2025-01-13_2,bldg_2,lecture,2025-01-13 09:00:19.966667,2025-01-13 10:30:19.966667,53
lecture_2025-01-13_3,bldg_3,lecture,2025-01-13 09:00:19.966667,2025-01-13 10:30:19.966667,55
lecture_2025-01-13_4,bldg_4,lecture,2025-01-13 09:00:19.966667,2025-01-13 10:30:19.966667,42
lecture_2025-01-13_5,bldg_5,lecture,2025-01-13 09:00:19.966667,2025-01-13 10:30:19.966667,77
event_2025-01-13_1,bldg_1,event,2025-01-13 18:00:19.966667,2025-01-13 21:00:19.966667,196
lecture_2025-01-14_1,bldg_1,lecture,2025-01-14 09:00:19.966667,2025-01-14 10:30:19.966667,79
lecture_2025-01-14_2,bldg_2,lecture,2025-01-14 09:00:19.966667,2025-01-14 10:30:19.966667,86
lecture_2025-01-14_3,bldg_3,lecture,2025-01-14 09:00:19.966667,2025-01-14 10:30:19.966667,43
lecture_2025-01-14_4,bldg_4,lecture,2025-01-14 09:00:19.966667,2025-01-14 10:30:19.966667,58
lecture_2025-01-14_5,bldg_5,lecture,2025-01-14 09:00:19.966667,2025-01-14 10:30:19.966667,80
lecture_2025-01-15_1,bldg_1,lecture,2025-01-15 09:00:19.966667,2025-01-15 10:30:19.966667,94
lecture_2025-01-15_2,bldg_2,lecture,2025-01-15 09:00:19.966667,2025-01-15 10:30:19.966667,99
lecture_2025-01-15_3,bldg_3,lecture,2025-01-15 09:00:19.966667,2025-01-15 10:30:19.966667,92
lecture_2025-01-15_4,bldg_4,lecture,2025-01-15 09:00:19.966667,2025-01-15 10:30:19.966667,73
lecture_2025-01-15_5,bldg_5,lecture,2025-01-15 09:00:19.966667,2025-01-15 10:30:19.966667,81
lecture_2025-01-16_1,bldg_1,lecture,2025-01-16 09:00:19.966667,2025-01-16 10:30:19.966667,80
lecture_2025-01-16_2,bldg_2,lecture,2025-01-16 09:00:19.966667,2025-01-16 10:30:19.966667,53
lecture_2025-01-16_3,bldg_3,lecture,2025-01-16 09:00:19.966667,2025-01-16 10:30:19.966667,55
lecture_2025-01-16_4,bldg_4,lecture,2025-01-16 09:00:19.966667,2025-01-16 10:30:19.966667,68
lecture_2025-01-16_5,bldg_5,lecture,2025-01-16 09:00:19.966667,2025-01-16 10:30:19.966667,87
lecture_2025-01-17_1,bldg_1,lecture,2025-01-17 09:00:19.966667,2025-01-17 10:30:19.966667,56
lecture_2025-01-17_2,bldg_2,lecture,2025-01-17 09:00:19.966667,2025-01-17 10:30:19.966667,89
lecture_2025-01-17_3,bldg_3,lecture,2025-01-17 09:00:19.966667,2025-01-17 10:30:19.966667,48
lecture_2025-01-17_4,bldg_4,lecture,2025-01-17 09:00:19.966667,2025-01-17 10:30:19.966667,46
lecture_2025-01-17_5,bldg_5,lecture,2025-01-17 09:00:19.966667,2025-01-17 10:30:19.966667,89
lecture_2025-01-20_1,bldg_1,lecture,2025-01-20 09:00:19.966667,2025-01-20 10:30:19.966667,38
lecture_2025-01-20_2,bldg_2,lecture,2025-01-20 09:00:19.966667,2025-01-20 10:30:19.966667,63
lecture_2025-01-20_3,bldg_3,lecture,2025-01-20 09:00:19.966667,2025-01-20 10:30:19.966667,75
lecture_2025-01-20_4,bldg_4,lecture,2025-01-20 09:00:19.966667,2025-01-20 10:30:19.966667,35
lecture_2025-01-20_5,bldg_5,lecture,2025-01-20 09:00:19.966667,2025-01-20 10:30:19.966667,67
lecture_2025-01-21_1,bldg_1,lecture,2025-01-21 09:00:19.966667,2025-01-21 10:30:19.966667,53
lecture_2025-01-21_2,bldg_2,lecture,2025-01-21 09:00:19.966667,2025-01-21 10:30:19.966667,97
lecture_2025-01-21_3,bldg_3,lecture,2025-01-21 09:00:19.966667,2025-01-21 10:30:19.966667,91
lecture_2025-01-21_4,bldg_4,lecture,2025-01-21 09:00:19.966667,2025-01-21 10:30:19.966667,72
lecture_2025-01-21_5,bldg_5,lecture,2025-01-21 09:00:19.966667,2025-01-21 10:30:19.966667,99
lecture_2025-01-22_1,bldg_1,lecture,2025-01-22 09:00:19.966667,2025-01-22 10:30:19.966667,64
lecture_2025-01-22_2,bldg_2,lecture,2025-01-22 09:00:19.966667,2025-01-22 10:30:19.966667,32
lecture_2025-01-22_3,bldg_3,lecture,2025-01-22 09:00:19.966667,2025-01-22 10:30:19.966667,99
lecture_2025-01-22_4,bldg_4,lecture,2025-01-22 09:00:19.966667,2025-01-22 10:30:19.966667,72
lecture_2025-01-22_5,bldg_5,lecture,2025-01-22 09:00:19.966667,2025-01-22 10:30:19.966667,66
lecture_2025-01-23_1,bldg_1,lecture,2025-01-23 09:00:19.966667,2025-01-23 10:30:19.966667,95
lecture_2025-01-23_2,bldg_2,lecture,2025-01-23 09:00:19.966667,2025-01-23 10:30:19.966667,44
lecture_2025-01-23_3,bldg_3,lecture,2025-01-23 09:00:19.966667,2025-01-23 10:30:19.966667,65
lecture_2025-01-23_4,bldg_4,lecture,2025-01-23 09:00:19.966667,2025-01-23 10:30:19.966667,95
lecture_2025-01-23_5,bldg_5,lecture,2025-01-23 09:00:19.966667,2025-01-23 10:30:19.966667,38
lecture_2025-01-24_1,bldg_1,lecture,2025-01-24 09:00:19.966667,2025-01-24 10:30:19.966667,91
lecture_2025-01-24_2,bldg_2,lecture,2025-01-24 09:00:19.966667,2025-01-24 10:30:19.966667,80
lecture_2025-01-24_3,bldg_3,lecture,2025-01-24 09:00:19.966667,2025-01-24 10:30:19.966667,93
lecture_2025-01-24_4,bldg_4,lecture,2025-01-24 09:00:19.966667,2025-01-24 10:30:19.966667,62
lecture_2025-01-24_5,bldg_5,lecture,2025-01-24 09:00:19.966667,2025-01-24 10:30:19.966667,72
event_2025-01-26_3,bldg_3,exam,2025-01-26 18:00:19.966667,2025-01-26 21:00:19.966667,287
lecture_2025-01-27_1,bldg_1,lecture,2025-01-27 09:00:19.966667,2025-01-27 10:30:19.966667,76
lecture_2025-01-27_2,bldg_2,lecture,2025-01-27 09:00:19.966667,2025-01-27 10:30:19.966667,95
lecture_2025-01-27_3,bldg_3,lecture,2025-01-27 09:00:19.966667,2025-01-27 10:30:19.966667,35
lecture_2025-01-27_4,bldg_4,lecture,2025-01-27 09:00:19.966667,2025-01-27 10:30:19.966667,78
lecture_2025-01-27_5,bldg_5,lecture,2025-01-27 09:00:19.966667,2025-01-27 10:30:19.966667,58
lecture_2025-01-28_1,bldg_1,lecture,2025-01-28 09:00:19.966667,2025-01-28 10:30:19.966667,91
lecture_2025-01-28_2,bldg_2,lecture,2025-01-28 09:00:19.966667,2025-01-28 10:30:19.966667,59
lecture_2025-01-28_3,bldg_3,lecture,2025-01-28 09:00:19.966667,2025-01-28 10:30:19.966667,91
lecture_2025-01-28_4,bldg_4,lecture,2025-01-28 09:00:19.966667,2025-01-28 10:30:19.966667,94
lecture_2025-01-28_5,bldg_5,lecture,2025-01-28 09:00:19.966667,2025-01-28 10:30:19.966667,55
lecture_2025-01-29_1,bldg_1,lecture,2025-01-29 09:00:19.966667,2025-01-29 10:30:19.966667,58
lecture_2025-01-29_2,bldg_2,lecture,2025-01-29 09:00:19.966667,2025-01-29 10:30:19.966667,87
lecture_2025-01-29_3,bldg_3,lecture,2025-01-29 09:00:19.966667,2025-01-29 10:30:19.966667,91
lecture_2025-01-29_4,bldg_4,lecture,2025-01-29 09:00:19.966667,2025-01-29 10:30:19.966667,97
lecture_2025-01-29_5,bldg_5,lecture,2025-01-29 09:00:19.966667,2025-01-29 10:30:19.966667,90
lecture_2025-01-30_1,bldg_1,lecture,2025-01-30 09:00:19.966667,2025-01-30 10:30:19.966667,47
lecture_2025-01-30_2,bldg_2,lecture,2025-01-30 09:00:19.966667,2025-01-30 10:30:19.966667,70
lecture_2025-01-30_3,bldg_3,lecture,2025-01-30 09:00:19.966667,2025-01-30 10:30:19.966667,99
lecture_2025-01-30_4,bldg_4,lecture,2025-01-30 09:00:19.966667,2025-01-30 10:30:19.966667,51
lecture_2025-01-30_5,bldg_5,lecture,2025-01-30 09:00:19.966667,2025-01-30 10:30:19.966667,34
lecture_2025-01-31_1,bldg_1,lecture,2025-01-31 09:00:19.966667,2025-01-31 10:30:19.966667,80
lecture_2025-01-31_2,bldg_2,lecture,2025-01-31 09:00:19.966667,2025-01-31 10:30:19.966667,40
lecture_2025-01-31_3,bldg_3,lecture,2025-01-31 09:00:19.966667,2025-01-31 10:30:19.966667,31
lecture_2025-01-31_4,bldg_4,lecture,2025-01-31 09:00:19.966667,2025-01-31 10:30:19.966667,66
lecture_2025-01-31_5,bldg_5,lecture,2025-01-31 09:00:19.966667,2025-01-31 10:30:19.966667,47
event_2025-02-01_5,bldg_5,event,2025-02-01 18:00:19.966667,2025-02-01 21:00:19.966667,287
lecture_2025-02-03_1,bldg_1,lecture,2025-02-03 09:00:19.966667,2025-02-03 10:30:19.966667,75
lecture_2025-02-03_2,bldg_2,lecture,2025-02-03 09:00:19.966667,2025-02-03 10:30:19.966667,44
lecture_2025-02-03_3,bldg_3,lecture,2025-02-03 09:00:19.966667,2025-02-03 10:30:19.966667,52
lecture_2025-02-03_4,bldg_4,lecture,2025-02-03 09:00:19.966667,2025-02-03 10:30:19.966667,82
lecture_2025-02-03_5,bldg_5,lecture,2025-02-03 09:00:19.966667,2025-02-03 10:30:19.966667,91
lecture_2025-02-04_1,bldg_1,lecture,2025-02-04 09:00:19.966667,2025-02-04 10:30:19.966667,64
lecture_2025-02-04_2,bldg_2,lecture,2025-02-04 09:00:19.966667,2025-02-04 10:30:19.966667,33
lecture_2025-02-04_3,bldg_3,lecture,2025-02-04 09:00:19.966667,2025-02-04 10:30:19.966667,69
lecture_2025-02-04_4,bldg_4,lecture,2025-02-04 09:00:19.966667,2025-02-04 10:30:19.966667,65
lecture_2025-02-04_5,bldg_5,lecture,2025-02-04 09:00:19.966667,2025-02-04 10:30:19.966667,44
event_2025-02-04_5,bldg_5,exam,2025-02-04 18:00:19.966667,2025-02-04 21:00:19.966667,184
lecture_2025-02-05_1,bldg_1,lecture,2025-02-05 09:00:19.966667,2025-02-05 10:30:19.966667,87
lecture_2025-02-05_2,bldg_2,lecture,2025-02-05 09:00:19.966667,2025-02-05 10:30:19.966667,61
lecture_2025-02-05_3,bldg_3,lecture,2025-02-05 09:00:19.966667,2025-02-05 10:30:19.966667,55
lecture_2025-02-05_4,bldg_4,lecture,2025-02-05 09:00:19.966667,2025-02-05 10:30:19.966667,59
lecture_2025-02-05_5,bldg_5,lecture,2025-02-05 09:00:19.966667,2025-02-05 10:30:19.966667,38
lecture_2025-02-06_1,bldg_1,lecture,2025-02-06 09:00:19.966667,2025-02-06 10:30:19.966667,76
lecture_2025-02-06_2,bldg_2,lecture,2025-02-06 09:00:19.966667,2025-02-06 10:30:19.966667,65
lecture_2025-02-06_3,bldg_3,lecture,2025-02-06 09:00:19.966667,2025-02-06 10:30:19.966667,64
lecture_2025-02-06_4,bldg_4,lecture,2025-02-06 09:00:19.966667,2025-02-06 10:30:19.966667,40
lecture_2025-02-06_5,bldg_5,lecture,2025-02-06 09:00:19.966667,2025-02-06 10:30:19.966667,53
lecture_2025-02-07_1,bldg_1,lecture,2025-02-07 09:00:19.966667,2025-02-07 10:30:19.966667,64
lecture_2025-02-07_2,bldg_2,lecture,2025-02-07 09:00:19.966667,2025-02-07 10:30:19.966667,95
lecture_2025-02-07_3,bldg_3,lecture,2025-02-07 09:00:19.966667,2025-02-07 10:30:19.966667,55
lecture_2025-02-07_4,bldg_4,lecture,2025-02-07 09:00:19.966667,2025-02-07 10:30:19.966667,59
lecture_2025-02-07_5,bldg_5,lecture,2025-02-07 09:00:19.966667,2025-02-07 10:30:19.966667,80
lecture_2025-02-10_1,bldg_1,lecture,2025-02-10 09:00:19.966667,2025-02-10 10:30:19.966667,66
lecture_2025-02-10_2,bldg_2,lecture,2025-02-10 09:00:19.966667,2025-02-10 10:30:19.966667,44
lecture_2025-02-10_3,bldg_3,lecture,2025-02-10 09:00:19.966667,2025-02-10 10:30:19.966667,81
lecture_2025-02-10_4,bldg_4,lecture,2025-02-10 09:00:19.966667,2025-02-10 10:30:19.966667,51
lecture_2025-02-10_5,bldg_5,lecture,2025-02-10 09:00:19.966667,2025-02-10 10:30:19.966667,91
lecture_2025-02-11_1,bldg_1,lecture,2025-02-11 09:00:19.966667,2025-02-11 10:30:19.966667,35
lecture_2025-02-11_2,bldg_2,lecture,2025-02-11 09:00:19.966667,2025-02-11 10:30:19.966667,36
lecture_2025-02-11_3,bldg_3,lecture,2025-02-11 09:00:19.966667,2025-02-11 10:30:19.966667,55
lecture_2025-02-11_4,bldg_4,lecture,2025-02-11 09:00:19.966667,2025-02-11 10:30:19.966667,98
lecture_2025-02-11_5,bldg_5,lecture,2025-02-11 09:00:19.966667,2025-02-11 10:30:19.966667,42
lecture_2025-02-12_1,bldg_1,lecture,2025-02-12 09:00:19.966667,2025-02-12 10:30:19.966667,54
lecture_2025-02-12_2,bldg_2,lecture,2025-02-12 09:00:19.966667,2025-02-12 10:30:19.966667,100
lecture_2025-02-12_3,bldg_3,lecture,2025-02-12 09:00:19.966667,2025-02-12 10:30:19.966667,40
lecture_2025-02-12_4,bldg_4,lecture,2025-02-12 09:00:19.966667,2025-02-12 10:30:19.966667,68
lecture_2025-02-12_5,bldg_5,lecture,2025-02-12 09:00:19.966667,2025-02-12 10:30:19.966667,72
lecture_2025-02-13_1,bldg_1,lecture,2025-02-13 09:00:19.966667,2025-02-13 10:30:19.966667,54
lecture_2025-02-13_2,bldg_2,lecture,2025-02-13 09:00:19.966667,2025-02-13 10:30:19.966667,33
lecture_2025-02-13_3,bldg_3,lecture,2025-02-13 09:00:19.966667,2025-02-13 10:30:19.966667,92
lecture_2025-02-13_4,bldg_4,lecture,2025-02-13 09:00:19.966667,2025-02-13 10:30:19.966667,77
lecture_2025-02-13_5,bldg_5,lecture,2025-02-13 09:00:19.966667,2025-02-13 10:30:19.966667,43
lecture_2025-02-14_1,bldg_1,lecture,2025-02-14 09:00:19.966667,2025-02-14 10:30:19.966667,85
lecture_2025-02-14_2,bldg_2,lecture,2025-02-14 09:00:19.966667,2025-02-14 10:30:19.966667,70
lecture_2025-02-14_3,bldg_3,lecture,2025-02-14 09:00:19.966667,2025-02-14 10:30:19.966667,42
lecture_2025-02-14_4,bldg_4,lecture,2025-02-14 09:00:19.966667,2025-02-14 10:30:19.966667,75
lecture_2025-02-14_5,bldg_5,lecture,2025-02-14 09:00:19.966667,2025-02-14 10:30:19.966667,88
event_2025-02-15_3,bldg_3,event,2025-02-15 18:00:19.966667,2025-02-15 21:00:19.966667,246
lecture_2025-02-17_1,bldg_1,lecture,2025-02-17 09:00:19.966667,2025-02-17 10:30:19.966667,90
lecture_2025-02-17_2,bldg_2,lecture,2025-02-17 09:00:19.966667,2025-02-17 10:30:19.966667,89
lecture_2025-02-17_3,bldg_3,lecture,2025-02-17 09:00:19.966667,2025-02-17 10:30:19.966667,99
lecture_2025-02-17_4,bldg_4,lecture,2025-02-17 09:00:19.966667,2025-02-17 10:30:19.966667,99
lecture_2025-02-17_5,bldg_5,lecture,2025-02-17 09:00:19.966667,2025-02-17 10:30:19.966667,41
lecture_2025-02-18_1,bldg_1,lecture,2025-02-18 09:00:19.966667,2025-02-18 10:30:19.966667,33
lecture_2025-02-18_2,bldg_2,lecture,2025-02-18 09:00:19.966667,2025-02-18 10:30:19.966667,63
lecture_2025-02-18_3,bldg_3,lecture,2025-02-18 09:00:19.966667,2025-02-18 10:30:19.966667,65
lecture_2025-02-18_4,bldg_4,lecture,2025-02-18 09:00:19.966667,2025-02-18 10:30:19.966667,93
lecture_2025-02-18_5,bldg_5,lecture,2025-02-18 09:00:19.966667,2025-02-18 10:30:19.966667,76
event_2025-02-18_3,bldg_3,exam,2025-02-18 18:00:19.966667,2025-02-18 21:00:19.966667,116
lecture_2025-02-19_1,bldg_1,lecture,2025-02-19 09:00:19.966667,2025-02-19 10:30:19.966667,46
lecture_2025-02-19_2,bldg_2,lecture,2025-02-19 09:00:19.966667,2025-02-19 10:30:19.966667,90
lecture_2025-02-19_3,bldg_3,lecture,2025-02-19 09:00:19.966667,2025-02-19 10:30:19.966667,58
lecture_2025-02-19_4,bldg_4,lecture,2025-02-19 09:00:19.966667,2025-02-19 10:30:19.966667,36
lecture_2025-02-19_5,bldg_5,lecture,2025-02-19 09:00:19.966667,2025-02-19 10:30:19.966667,37
lecture_2025-02-20_1,bldg_1,lecture,2025-02-20 09:00:19.966667,2025-02-20 10:30:19.966667,53
lecture_2025-02-20_2,bldg_2,lecture,2025-02-20 09:00:19.966667,2025-02-20 10:30:19.966667,100
lecture_2025-02-20_3,bldg_3,lecture,2025-02-20 09:00:19.966667,2025-02-20 10:30:19.966667,64
lecture_2025-02-20_4,bldg_4,lecture,2025-02-20 09:00:19.966667,2025-02-20 10:30:19.966667,53
lecture_2025-02-20_5,bldg_5,lecture,2025-02-20 09:00:19.966667,2025-02-20 10:30:19.966667,98
event_2025-02-20_4,bldg_4,exam,2025-02-20 18:00:19.966667,2025-02-20 21:00:19.966667,68
lecture_2025-02-21_1,bldg_1,lecture,2025-02-21 09:00:19.966667,2025-02-21 10:30:19.966667,63
lecture_2025-02-21_2,bldg_2,lecture,2025-02-21 09:00:19.966667,2025-02-21 10:30:19.966667,79
lecture_2025-02-21_3,bldg_3,lecture,2025-02-21 09:00:19.966667,2025-02-21 10:30:19.966667,64
lecture_2025-02-21_4,bldg_4,lecture,2025-02-21 09:00:19.966667,2025-02-21 10:30:19.966667,99
lecture_2025-02-21_5,bldg_5,lecture,2025-02-21 09:00:19.966667,2025-02-21 10:30:19.966667,55
lecture_2025-02-24_1,bldg_1,lecture,2025-02-24 09:00:19.966667,2025-02-24 10:30:19.966667,33
lecture_2025-02-24_2,bldg_2,lecture,2025-02-24 09:00:19.966667,2025-02-24 10:30:19.966667,87
lecture_2025-02-24_3,bldg_3,lecture,2025-02-24 09:00:19.966667,2025-02-24 10:30:19.966667,73
lecture_2025-02-24_4,bldg_4,lecture,2025-02-24 09:00:19.966667,2025-02-24 10:30:19.966667,40
lecture_2025-02-24_5,bldg_5,lecture,2025-02-24 09:00:19.966667,2025-02-24 10:30:19.966667,34
lecture_2025-02-25_1,bldg_1,lecture,2025-02-25 09:00:19.966667,2025-02-25 10:30:19.966667,65
lecture_2025-02-25_2,bldg_2,lecture,2025-02-25 09:00:19.966667,2025-02-25 10:30:19.966667,36
lecture_2025-02-25_3,bldg_3,lecture,2025-02-25 09:00:19.966667,2025-02-25 10:30:19.966667,87
lecture_2025-02-25_4,bldg_4,lecture,2025-02-25 09:00:19.966667,2025-02-25 10:30:19.966667,45
lecture_2025-02-25_5,bldg_5,lecture,2025-02-25 09:00:19.966667,2025-02-25 10:30:19.966667,92
event_2025-02-25_1,bldg_1,exam,2025-02-25 18:00:19.966667,2025-02-25 21:00:19.966667,104
lecture_2025-02-26_1,bldg_1,lecture,2025-02-26 09:00:19.966667,2025-02-26 10:30:19.966667,35
lecture_2025-02-26_2,bldg_2,lecture,2025-02-26 09:00:19.966667,2025-02-26 10:30:19.966667,73
lecture_2025-02-26_3,bldg_3,lecture,2025-02-26 09:00:19.966667,2025-02-26 10:30:19.966667,90
lecture_2025-02-26_4,bldg_4,lecture,2025-02-26 09:00:19.966667,2025-02-26 10:30:19.966667,88
lecture_2025-02-26_5,bldg_5,lecture,2025-02-26 09:00:19.966667,2025-02-26 10:30:19.966667,41
lecture_2025-02-27_1,bldg_1,lecture,2025-02-27 09:00:19.966667,2025-02-27 10:30:19.966667,87
lecture_2025-02-27_2,bldg_2,lecture,2025-02-27 09:00:19.966667,2025-02-27 10:30:19.966667,32
lecture_2025-02-27_3,bldg_3,lecture,2025-02-27 09:00:19.966667,2025-02-27 10:30:19.966667,63
lecture_2025-02-27_4,bldg_4,lecture,2025-02-27 09:00:19.966667,2025-02-27 10:30:19.966667,39
lecture_2025-02-27_5,bldg_5,lecture,2025-02-27 09:00:19.966667,2025-02-27 10:30:19.966667,42
lecture_2025-02-28_1,bldg_1,lecture,2025-02-28 09:00:19.966667,2025-02-28 10:30:19.966667,69
lecture_2025-02-28_2,bldg_2,lecture,2025-02-28 09:00:19.966667,2025-02-28 10:30:19.966667,79
lecture_2025-02-28_3,bldg_3,lecture,2025-02-28 09:00:19.966667,2025-02-28 10:30:19.966667,39
lecture_2025-02-28_4,bldg_4,lecture,2025-02-28 09:00:19.966667,2025-02-28 10:30:19.966667,80
lecture_2025-02-28_5,bldg_5,lecture,2025-02-28 09:00:19.966667,2025-02-28 10:30:19.966667,80
lecture_2025-03-03_1,bldg_1,lecture,2025-03-03 09:00:19.966667,2025-03-03 10:30:19.966667,36
lecture_2025-03-03_2,bldg_2,lecture,2025-03-03 09:00:19.966667,2025-03-03 10:30:19.966667,76
lecture_2025-03-03_3,bldg_3,lecture,2025-03-03 09:00:19.966667,2025-03-03 10:30:19.966667,87
lecture_2025-03-03_4,bldg_4,lecture,2025-03-03 09:00:19.966667,2025-03-03 10:30:19.966667,86
lecture_2025-03-03_5,bldg_5,lecture,2025-03-03 09:00:19.966667,2025-03-03 10:30:19.966667,56
lecture_2025-03-04_1,bldg_1,lecture,2025-03-04 09:00:19.966667,2025-03-04 10:30:19.966667,54
lecture_2025-03-04_2,bldg_2,lecture,2025-03-04 09:00:19.966667,2025-03-04 10:30:19.966667,90
lecture_2025-03-04_3,bldg_3,lecture,2025-03-04 09:00:19.966667,2025-03-04 10:30:19.966667,84
lecture_2025-03-04_4,bldg_4,lecture,2025-03-04 09:00:19.966667,2025-03-04 10:30:19.966667,76
lecture_2025-03-04_5,bldg_5,lecture,2025-03-04 09:00:19.966667,2025-03-04 10:30:19.966667,36
lecture_2025-03-05_1,bldg_1,lecture,2025-03-05 09:00:19.966667,2025-03-05 10:30:19.966667,33
lecture_2025-03-05_2,bldg_2,lecture,2025-03-05 09:00:19.966667,2025-03-05 10:30:19.966667,51
lecture_2025-03-05_3,bldg_3,lecture,2025-03-05 09:00:19.966667,2025-03-05 10:30:19.966667,31
lecture_2025-03-05_4,bldg_4,lecture,2025-03-05 09:00:19.966667,2025-03-05 10:30:19.966667,42
lecture_2025-03-05_5,bldg_5,lecture,2025-03-05 09:00:19.966667,2025-03-05 10:30:19.966667,36
lecture_2025-03-06_1,bldg_1,lecture,2025-03-06 09:00:19.966667,2025-03-06 10:30:19.966667,86
lecture_2025-03-06_2,bldg_2,lecture,2025-03-06 09:00:19.966667,2025-03-06 10:30:19.966667,41
lecture_2025-03-06_3,bldg_3,lecture,2025-03-06 09:00:19.966667,2025-03-06 10:30:19.966667,81
lecture_2025-03-06_4,bldg_4,lecture,2025-03-06 09:00:19.966667,2025-03-06 10:30:19.966667,63
lecture_2025-03-06_5,bldg_5,lecture,2025-03-06 09:00:19.966667,2025-03-06 10:30:19.966667,60
lecture_2025-03-07_1,bldg_1,lecture,2025-03-07 09:00:19.966667,2025-03-07 10:30:19.966667,95
lecture_2025-03-07_2,bldg_2,lecture,2025-03-07 09:00:19.966667,2025-03-07 10:30:19.966667,61
lecture_2025-03-07_3,bldg_3,lecture,2025-03-07 09:00:19.966667,2025-03-07 10:30:19.966667,84
lecture_2025-03-07_4,bldg_4,lecture,2025-03-07 09:00:19.966667,2025-03-07 10:30:19.966667,41
lecture_2025-03-07_5,bldg_5,lecture,2025-03-07 09:00:19.966667,2025-03-07 10:30:19.966667,77
event_2025-03-07_4,bldg_4,event,2025-03-07 18:00:19.966667,2025-03-07 21:00:19.966667,266
event_2025-03-08_5,bldg_5,exam,2025-03-08 18:00:19.966667,2025-03-08 21:00:19.966667,73
lecture_2025-03-10_1,bldg_1,lecture,2025-03-10 09:00:19.966667,2025-03-10 10:30:19.966667,71
lecture_2025-03-10_2,bldg_2,lecture,2025-03-10 09:00:19.966667,2025-03-10 10:30:19.966667,50
lecture_2025-03-10_3,bldg_3,lecture,2025-03-10 09:00:19.966667,2025-03-10 10:30:19.966667,90
lecture_2025-03-10_4,bldg_4,lecture,2025-03-10 09:00:19.966667,2025-03-10 10:30:19.966667,66
lecture_2025-03-10_5,bldg_5,lecture,2025-03-10 09:00:19.966667,2025-03-10 10:30:19.966667,90
lecture_2025-03-11_1,bldg_1,lecture,2025-03-11 09:00:19.966667,2025-03-11 10:30:19.966667,70
lecture_2025-03-11_2,bldg_2,lecture,2025-03-11 09:00:19.966667,2025-03-11 10:30:19.966667,33
lecture_2025-03-11_3,bldg_3,lecture,2025-03-11 09:00:19.966667,2025-03-11 10:30:19.966667,97
lecture_2025-03-11_4,bldg_4,lecture,2025-03-11 09:00:19.966667,2025-03-11 10:30:19.966667,67
lecture_2025-03-11_5,bldg_5,lecture,2025-03-11 09:00:19.966667,2025-03-11 10:30:19.966667,45
lecture_2025-03-12_1,bldg_1,lecture,2025-03-12 09:00:19.966667,2025-03-12 10:30:19.966667,55
lecture_2025-03-12_2,bldg_2,lecture,2025-03-12 09:00:19.966667,2025-03-12 10:30:19.966667,48
lecture_2025-03-12_3,bldg_3,lecture,2025-03-12 09:00:19.966667,2025-03-12 10:30:19.966667,83
lecture_2025-03-12_4,bldg_4,lecture,2025-03-12 09:00:19.966667,2025-03-12 10:30:19.966667,52
lecture_2025-03-12_5,bldg_5,lecture,2025-03-12 09:00:19.966667,2025-03-12 10:30:19.966667,82
lecture_2025-03-13_1,bldg_1,lecture,2025-03-13 09:00:19.966667,2025-03-13 10:30:19.966667,65
lecture_2025-03-13_2,bldg_2,lecture,2025-03-13 09:00:19.966667,2025-03-13 10:30:19.966667,56
lecture_2025-03-13_3,bldg_3,lecture,2025-03-13 09:00:19.966667,2025-03-13 10:30:19.966667,81
lecture_2025-03-13_4,bldg_4,lecture,2025-03-13 09:00:19.966667,2025-03-13 10:30:19.966667,85
lecture_2025-03-13_5,bldg_5,lecture,2025-03-13 09:00:19.966667,2025-03-13 10:30:19.966667,77
lecture_2025-03-14_1,bldg_1,lecture,2025-03-14 09:00:19.966667,2025-03-14 10:30:19.966667,48
lecture_2025-03-14_2,bldg_2,lecture,2025-03-14 09:00:19.966667,2025-03-14 10:30:19.966667,71
lecture_2025-03-14_3,bldg_3,lecture,2025-03-14 09:00:19.966667,2025-03-14 10:30:19.966667,79
lecture_2025-03-14_4,bldg_4,lecture,2025-03-14 09:00:19.966667,2025-03-14 10:30:19.966667,86
lecture_2025-03-14_5,bldg_5,lecture,2025-03-14 09:00:19.966667,2025-03-14 10:30:19.966667,43
event_2025-03-14_5,bldg_5,exam,2025-03-14 18:00:19.966667,2025-03-14 21:00:19.966667,126
lecture_2025-03-17_1,bldg_1,lecture,2025-03-17 09:00:19.966667,2025-03-17 10:30:19.966667,88
lecture_2025-03-17_2,bldg_2,lecture,2025-03-17 09:00:19.966667,2025-03-17 10:30:19.966667,68
lecture_2025-03-17_3,bldg_3,lecture,2025-03-17 09:00:19.966667,2025-03-17 10:30:19.966667,59
lecture_2025-03-17_4,bldg_4,lecture,2025-03-17 09:00:19.966667,2025-03-17 10:30:19.966667,99
lecture_2025-03-17_5,bldg_5,lecture,2025-03-17 09:00:19.966667,2025-03-17 10:30:19.966667,39
event_2025-03-17_4,bldg_4,exam,2025-03-17 18:00:19.966667,2025-03-17 21:00:19.966667,60
lecture_2025-03-18_1,bldg_1,lecture,2025-03-18 09:00:19.966667,2025-03-18 10:30:19.966667,31
lecture_2025-03-18_2,bldg_2,lecture,2025-03-18 09:00:19.966667,2025-03-18 10:30:19.966667,44
lecture_2025-03-18_3,bldg_3,lecture,2025-03-18 09:00:19.966667,2025-03-18 10:30:19.966667,72
lecture_2025-03-18_4,bldg_4,lecture,2025-03-18 09:00:19.966667,2025-03-18 10:30:19.966667,35
lecture_2025-03-18_5,bldg_5,lecture,2025-03-18 09:00:19.966667,2025-03-18 10:30:19.966667,51
lecture_2025-03-19_1,bldg_1,lecture,2025-03-19 09:00:19.966667,2025-03-19 10:30:19.966667,86
lecture_2025-03-19_2,bldg_2,lecture,2025-03-19 09:00:19.966667,2025-03-19 10:30:19.966667,97
lecture_2025-03-19_3,bldg_3,lecture,2025-03-19 09:00:19.966667,2025-03-19 10:30:19.966667,95
lecture_2025-03-19_4,bldg_4,lecture,2025-03-19 09:00:19.966667,2025-03-19 10:30:19.966667,88
lecture_2025-03-19_5,bldg_5,lecture,2025-03-19 09:00:19.966667,2025-03-19 10:30:19.966667,85
lecture_2025-03-20_1,bldg_1,lecture,2025-03-20 09:00:19.966667,2025-03-20 10:30:19.966667,97
lecture_2025-03-20_2,bldg_2,lecture,2025-03-20 09:00:19.966667,2025-03-20 10:30:19.966667,31
lecture_2025-03-20_3,bldg_3,lecture,2025-03-20 09:00:19.966667,2025-03-20 10:30:19.966667,35
lecture_2025-03-20_4,bldg_4,lecture,2025-03-20 09:00:19.966667,2025-03-20 10:30:19.966667,49
lecture_2025-03-20_5,bldg_5,lecture,2025-03-20 09:00:19.966667,2025-03-20 10:30:19.966667,30
lecture_2025-03-21_1,bldg_1,lecture,2025-03-21 09:00:19.966667,2025-03-21 10:30:19.966667,44
lecture_2025-03-21_2,bldg_2,lecture,2025-03-21 09:00:19.966667,2025-03-21 10:30:19.966667,70
lecture_2025-03-21_3,bldg_3,lecture,2025-03-21 09:00:19.966667,2025-03-21 10:30:19.966667,86
lecture_2025-03-21_4,bldg_4,lecture,2025-03-21 09:00:19.966667,2025-03-21 10:30:19.966667,92
lecture_2025-03-21_5,bldg_5,lecture,2025-03-21 09:00:19.966667,2025-03-21 10:30:19.966667,38
lecture_2025-03-24_1,bldg_1,lecture,2025-03-24 09:00:19.966667,2025-03-24 10:30:19.966667,60
lecture_2025-03-24_2,bldg_2,lecture,2025-03-24 09:00:19.966667,2025-03-24 10:30:19.966667,56
lecture_2025-03-24_3,bldg_3,lecture,2025-03-24 09:00:19.966667,2025-03-24 10:30:19.966667,46
lecture_2025-03-24_4,bldg_4,lecture,2025-03-24 09:00:19.966667,2025-03-24 10:30:19.966667,78
lecture_2025-03-24_5,bldg_5,lecture,2025-03-24 09:00:19.966667,2025-03-24 10:30:19.966667,79
event_2025-03-24_4,bldg_4,event,2025-03-24 18:00:19.966667,2025-03-24 21:00:19.966667,131
lecture_2025-03-25_1,bldg_1,lecture,2025-03-25 09:00:19.966667,2025-03-25 10:30:19.966667,91
lecture_2025-03-25_2,bldg_2,lecture,2025-03-25 09:00:19.966667,2025-03-25 10:30:19.966667,90
lecture_2025-03-25_3,bldg_3,lecture,2025-03-25 09:00:19.966667,2025-03-25 10:30:19.966667,85
lecture_2025-03-25_4,bldg_4,lecture,2025-03-25 09:00:19.966667,2025-03-25 10:30:19.966667,56
lecture_2025-03-25_5,bldg_5,lecture,2025-03-25 09:00:19.966667,2025-03-25 10:30:19.966667,42
lecture_2025-03-26_1,bldg_1,lecture,2025-03-26 09:00:19.966667,2025-03-26 10:30:19.966667,90
lecture_2025-03-26_2,bldg_2,lecture,2025-03-26 09:00:19.966667,2025-03-26 10:30:19.966667,91
lecture_2025-03-26_3,bldg_3,lecture,2025-03-26 09:00:19.966667,2025-03-26 10:30:19.966667,69
lecture_2025-03-26_4,bldg_4,lecture,2025-03-26 09:00:19.966667,2025-03-26 10:30:19.966667,54
lecture_2025-03-26_5,bldg_5,lecture,2025-03-26 09:00:19.966667,2025-03-26 10:30:19.966667,79
lecture_2025-03-27_1,bldg_1,lecture,2025-03-27 09:00:19.966667,2025-03-27 10:30:19.966667,65
lecture_2025-03-27_2,bldg_2,lecture,2025-03-27 09:00:19.966667,2025-03-27 10:30:19.966667,75
lecture_2025-03-27_3,bldg_3,lecture,2025-03-27 09:00:19.966667,2025-03-27 10:30:19.966667,30
lecture_2025-03-27_4,bldg_4,lecture,2025-03-27 09:00:19.966667,2025-03-27 10:30:19.966667,60
lecture_2025-03-27_5,bldg_5,lecture,2025-03-27 09:00:19.966667,2025-03-27 10:30:19.966667,66
lecture_2025-03-28_1,bldg_1,lecture,2025-03-28 09:00:19.966667,2025-03-28 10:30:19.966667,71
lecture_2025-03-28_2,bldg_2,lecture,2025-03-28 09:00:19.966667,2025-03-28 10:30:19.966667,41
lecture_2025-03-28_3,bldg_3,lecture,2025-03-28 09:00:19.966667,2025-03-28 10:30:19.966667,43
lecture_2025-03-28_4,bldg_4,lecture,2025-03-28 09:00:19.966667,2025-03-28 10:30:19.966667,81
lecture_2025-03-28_5,bldg_5,lecture,2025-03-28 09:00:19.966667,2025-03-28 10:30:19.966667,54
lecture_2025-03-31_1,bldg_1,lecture,2025-03-31 09:00:19.966667,2025-03-31 10:30:19.966667,55
lecture_2025-03-31_2,bldg_2,lecture,2025-03-31 09:00:19.966667,2025-03-31 10:30:19.966667,81
lecture_2025-03-31_3,bldg_3,lecture,2025-03-31 09:00:19.966667,2025-03-31 10:30:19.966667,87
lecture_2025-03-31_4,bldg_4,lecture,2025-03-31 09:00:19.966667,2025-03-31 10:30:19.966667,64
lecture_2025-03-31_5,bldg_5,lecture,2025-03-31 09:00:19.966667,2025-03-31 10:30:19.966667,32
lecture_2025-04-01_1,bldg_1,lecture,2025-04-01 09:00:19.966667,2025-04-01 10:30:19.966667,76
lecture_2025-04-01_2,bldg_2,lecture,2025-04-01 09:00:19.966667,2025-04-01 10:30:19.966667,59
lecture_2025-04-01_3,bldg_3,lecture,2025-04-01 09:00:19.966667,2025-04-01 10:30:19.966667,85
lecture_2025-04-01_4,bldg_4,lecture,2025-04-01 09:00:19.966667,2025-04-01 10:30:19.966667,35
lecture_2025-04-01_5,bldg_5,lecture,2025-04-01 09:00:19.966667,2025-04-01 10:30:19.966667,30
lecture_2025-04-02_1,bldg_1,lecture,2025-04-02 09:00:19.966667,2025-04-02 10:30:19.966667,47
lecture_2025-04-02_2,bldg_2,lecture,2025-04-02 09:00:19.966667,2025-04-02 10:30:19.966667,78
lecture_2025-04-02_3,bldg_3,lecture,2025-04-02 09:00:19.966667,2025-04-02 10:30:19.966667,36
lecture_2025-04-02_4,bldg_4,lecture,2025-04-02 09:00:19.966667,2025-04-02 10:30:19.966667,53
lecture_2025-04-02_5,bldg_5,lecture,2025-04-02 09:00:19.966667,2025-04-02 10:30:19.966667,33
event_2025-04-02_5,bldg_5,event,2025-04-02 18:00:19.966667,2025-04-02 21:00:19.966667,242
lecture_2025-04-03_1,bldg_1,lecture,2025-04-03 09:00:19.966667,2025-04-03 10:30:19.966667,77
lecture_2025-04-03_2,bldg_2,lecture,2025-04-03 09:00:19.966667,2025-04-03 10:30:19.966667,65
lecture_2025-04-03_3,bldg_3,lecture,2025-04-03 09:00:19.966667,2025-04-03 10:30:19.966667,66
lecture_2025-04-03_4,bldg_4,lecture,2025-04-03 09:00:19.966667,2025-04-03 10:30:19.966667,34
lecture_2025-04-03_5,bldg_5,lecture,2025-04-03 09:00:19.966667,2025-04-03 10:30:19.966667,86
lecture_2025-04-04_1,bldg_1,lecture,2025-04-04 09:00:19.966667,2025-04-04 10:30:19.966667,82
lecture_2025-04-04_2,bldg_2,lecture,2025-04-04 09:00:19.966667,2025-04-04 10:30:19.966667,100
lecture_2025-04-04_3,bldg_3,lecture,2025-04-04 09:00:19.966667,2025-04-04 10:30:19.966667,74
lecture_2025-04-04_4,bldg_4,lecture,2025-04-04 09:00:19.966667,2025-04-04 10:30:19.966667,50
lecture_2025-04-04_5,bldg_5,lecture,2025-04-04 09:00:19.966667,2025-04-04 10:30:19.966667,46
lecture_2025-04-07_1,bldg_1,lecture,2025-04-07 09:00:19.966667,2025-04-07 10:30:19.966667,75
lecture_2025-04-07_2,bldg_2,lecture,2025-04-07 09:00:19.966667,2025-04-07 10:30:19.966667,95
lecture_2025-04-07_3,bldg_3,lecture,2025-04-07 09:00:19.966667,2025-04-07 10:30:19.966667,97
lecture_2025-04-07_4,bldg_4,lecture,2025-04-07 09:00:19.966667,2025-04-07 10:30:19.966667,46
lecture_2025-04-07_5,bldg_5,lecture,2025-04-07 09:00:19.966667,2025-04-07 10:30:19.966667,85
lecture_2025-04-08_1,bldg_1,lecture,2025-04-08 09:00:19.966667,2025-04-08 10:30:19.966667,45
lecture_2025-04-08_2,bldg_2,lecture,2025-04-08 09:00:19.966667,2025-04-08 10:30:19.966667,32
lecture_2025-04-08_3,bldg_3,lecture,2025-04-08 09:00:19.966667,2025-04-08 10:30:19.966667,81
lecture_2025-04-08_4,bldg_4,lecture,2025-04-08 09:00:19.966667,2025-04-08 10:30:19.966667,91
lecture_2025-04-08_5,bldg_5,lecture,2025-04-08 09:00:19.966667,2025-04-08 10:30:19.966667,73
lecture_2025-04-09_1,bldg_1,lecture,2025-04-09 09:00:19.966667,2025-04-09 10:30:19.966667,75
lecture_2025-04-09_2,bldg_2,lecture,2025-04-09 09:00:19.966667,2025-04-09 10:30:19.966667,96
lecture_2025-04-09_3,bldg_3,lecture,2025-04-09 09:00:19.966667,2025-04-09 10:30:19.966667,91
lecture_2025-04-09_4,bldg_4,lecture,2025-04-09 09:00:19.966667,2025-04-09 10:30:19.966667,70
lecture_2025-04-09_5,bldg_5,lecture,2025-04-09 09:00:19.966667,2025-04-09 10:30:19.966667,65
lecture_2025-04-10_1,bldg_1,lecture,2025-04-10 09:00:19.966667,2025-04-10 10:30:19.966667,98
lecture_2025-04-10_2,bldg_2,lecture,2025-04-10 09:00:19.966667,2025-04-10 10:30:19.966667,91
lecture_2025-04-10_3,bldg_3,lecture,2025-04-10 09:00:19.966667,2025-04-10 10:30:19.966667,47
lecture_2025-04-10_4,bldg_4,lecture,2025-04-10 09:00:19.966667,2025-04-10 10:30:19.966667,34
lecture_2025-04-10_5,bldg_5,lecture,2025-04-10 09:00:19.966667,2025-04-10 10:30:19.966667,49
lecture_2025-04-11_1,bldg_1,lecture,2025-04-11 09:00:19.966667,2025-04-11 10:30:19.966667,53
lecture_2025-04-11_2,bldg_2,lecture,2025-04-11 09:00:19.966667,2025-04-11 10:30:19.966667,47
lecture_2025-04-11_3,bldg_3,lecture,2025-04-11 09:00:19.966667,2025-04-11 10:30:19.966667,34
lecture_2025-04-11_4,bldg_4,lecture,2025-04-11 09:00:19.966667,2025-04-11 10:30:19.966667,47
lecture_2025-04-11_5,bldg_5,lecture,2025-04-11 09:00:19.966667,2025-04-11 10:30:19.966667,50
event_2025-04-13_3,bldg_3,event,2025-04-13 18:00:19.966667,2025-04-13 21:00:19.966667,83
lecture_2025-04-14_1,bldg_1,lecture,2025-04-14 09:00:19.966667,2025-04-14 10:30:19.966667,53
lecture_2025-04-14_2,bldg_2,lecture,2025-04-14 09:00:19.966667,2025-04-14 10:30:19.966667,36
lecture_2025-04-14_3,bldg_3,lecture,2025-04-14 09:00:19.966667,2025-04-14 10:30:19.966667,55
lecture_2025-04-14_4,bldg_4,lecture,2025-04-14 09:00:19.966667,2025-04-14 10:30:19.966667,61
lecture_2025-04-14_5,bldg_5,lecture,2025-04-14 09:00:19.966667,2025-04-14 10:30:19.966667,31
lecture_2025-04-15_1,bldg_1,lecture,2025-04-15 09:00:19.966667,2025-04-15 10:30:19.966667,48
lecture_2025-04-15_2,bldg_2,lecture,2025-04-15 09:00:19.966667,2025-04-15 10:30:19.966667,71
lecture_2025-04-15_3,bldg_3,lecture,2025-04-15 09:00:19.966667,2025-04-15 10:30:19.966667,57
lecture_2025-04-15_4,bldg_4,lecture,2025-04-15 09:00:19.966667,2025-04-15 10:30:19.966667,88
lecture_2025-04-15_5,bldg_5,lecture,2025-04-15 09:00:19.966667,2025-04-15 10:30:19.966667,34
lecture_2025-04-16_1,bldg_1,lecture,2025-04-16 09:00:19.966667,2025-04-16 10:30:19.966667,81
lecture_2025-04-16_2,bldg_2,lecture,2025-04-16 09:00:19.966667,2025-04-16 10:30:19.966667,41
lecture_2025-04-16_3,bldg_3,lecture,2025-04-16 09:00:19.966667,2025-04-16 10:30:19.966667,93
lecture_2025-04-16_4,bldg_4,lecture,2025-04-16 09:00:19.966667,2025-04-16 10:30:19.966667,33
lecture_2025-04-16_5,bldg_5,lecture,2025-04-16 09:00:19.966667,2025-04-16 10:30:19.966667,33
lecture_2025-04-17_1,bldg_1,lecture,2025-04-17 09:00:19.966667,2025-04-17 10:30:19.966667,89
lecture_2025-04-17_2,bldg_2,lecture,2025-04-17 09:00:19.966667,2025-04-17 10:30:19.966667,90
lecture_2025-04-17_3,bldg_3,lecture,2025-04-17 09:00:19.966667,2025-04-17 10:30:19.966667,85
lecture_2025-04-17_4,bldg_4,lecture,2025-04-17 09:00:19.966667,2025-04-17 10:30:19.966667,94
lecture_2025-04-17_5,bldg_5,lecture,2025-04-17 09:00:19.966667,2025-04-17 10:30:19.966667,77
event_2025-04-17_4,bldg_4,event,2025-04-17 18:00:19.966667,2025-04-17 21:00:19.966667,53
lecture_2025-04-18_1,bldg_1,lecture,2025-04-18 09:00:19.966667,2025-04-18 10:30:19.966667,74
lecture_2025-04-18_2,bldg_2,lecture,2025-04-18 09:00:19.966667,2025-04-18 10:30:19.966667,86
lecture_2025-04-18_3,bldg_3,lecture,2025-04-18 09:00:19.966667,2025-04-18 10:30:19.966667,92
lecture_2025-04-18_4,bldg_4,lecture,2025-04-18 09:00:19.966667,2025-04-18 10:30:19.966667,61
lecture_2025-04-18_5,bldg_5,lecture,2025-04-18 09:00:19.966667,2025-04-18 10:30:19.966667,98
event_2025-04-20_3,bldg_3,event,2025-04-20 18:00:19.966667,2025-04-20 21:00:19.966667,210
lecture_2025-04-21_1,bldg_1,lecture,2025-04-21 09:00:19.966667,2025-04-21 10:30:19.966667,76
lecture_2025-04-21_2,bldg_2,lecture,2025-04-21 09:00:19.966667,2025-04-21 10:30:19.966667,30
lecture_2025-04-21_3,bldg_3,lecture,2025-04-21 09:00:19.966667,2025-04-21 10:30:19.966667,90
lecture_2025-04-21_4,bldg_4,lecture,2025-04-21 09:00:19.966667,2025-04-21 10:30:19.966667,45
lecture_2025-04-21_5,bldg_5,lecture,2025-04-21 09:00:19.966667,2025-04-21 10:30:19.966667,88
lecture_2025-04-22_1,bldg_1,lecture,2025-04-22 09:00:19.966667,2025-04-22 10:30:19.966667,74
lecture_2025-04-22_2,bldg_2,lecture,2025-04-22 09:00:19.966667,2025-04-22 10:30:19.966667,39
lecture_2025-04-22_3,bldg_3,lecture,2025-04-22 09:00:19.966667,2025-04-22 10:30:19.966667,39
lecture_2025-04-22_4,bldg_4,lecture,2025-04-22 09:00:19.966667,2025-04-22 10:30:19.966667,60
lecture_2025-04-22_5,bldg_5,lecture,2025-04-22 09:00:19.966667,2025-04-22 10:30:19.966667,39
lecture_2025-04-23_1,bldg_1,lecture,2025-04-23 09:00:19.966667,2025-04-23 10:30:19.966667,50
lecture_2025-04-23_2,bldg_2,lecture,2025-04-23 09:00:19.966667,2025-04-23 10:30:19.966667,53
lecture_2025-04-23_3,bldg_3,lecture,2025-04-23 09:00:19.966667,2025-04-23 10:30:19.966667,37
lecture_2025-04-23_4,bldg_4,lecture,2025-04-23 09:00:19.966667,2025-04-23 10:30:19.966667,37
lecture_2025-04-23_5,bldg_5,lecture,2025-04-23 09:00:19.966667,2025-04-23 10:30:19.966667,87
event_2025-04-23_4,bldg_4,exam,2025-04-23 18:00:19.966667,2025-04-23 21:00:19.966667,191
lecture_2025-04-24_1,bldg_1,lecture,2025-04-24 09:00:19.966667,2025-04-24 10:30:19.966667,37
lecture_2025-04-24_2,bldg_2,lecture,2025-04-24 09:00:19.966667,2025-04-24 10:30:19.966667,89
lecture_2025-04-24_3,bldg_3,lecture,2025-04-24 09:00:19.966667,2025-04-24 10:30:19.966667,97
lecture_2025-04-24_4,bldg_4,lecture,2025-04-24 09:00:19.966667,2025-04-24 10:30:19.966667,96
lecture_2025-04-24_5,bldg_5,lecture,2025-04-24 09:00:19.966667,2025-04-24 10:30:19.966667,95
lecture_2025-04-25_1,bldg_1,lecture,2025-04-25 09:00:19.966667,2025-04-25 10:30:19.966667,86
lecture_2025-04-25_2,bldg_2,lecture,2025-04-25 09:00:19.966667,2025-04-25 10:30:19.966667,77
lecture_2025-04-25_3,bldg_3,lecture,2025-04-25 09:00:19.966667,2025-04-25 10:30:19.966667,74
lecture_2025-04-25_4,bldg_4,lecture,2025-04-25 09:00:19.966667,2025-04-25 10:30:19.966667,58
lecture_2025-04-25_5,bldg_5,lecture,2025-04-25 09:00:19.966667,2025-04-25 10:30:19.966667,91
lecture_2025-04-28_1,bldg_1,lecture,2025-04-28 09:00:19.966667,2025-04-28 10:30:19.966667,42
lecture_2025-04-28_2,bldg_2,lecture,2025-04-28 09:00:19.966667,2025-04-28 10:30:19.966667,49
lecture_2025-04-28_3,bldg_3,lecture,2025-04-28 09:00:19.966667,2025-04-28 10:30:19.966667,79
lecture_2025-04-28_4,bldg_4,lecture,2025-04-28 09:00:19.966667,2025-04-28 10:30:19.966667,94
lecture_2025-04-28_5,bldg_5,lecture,2025-04-28 09:00:19.966667,2025-04-28 10:30:19.966667,59
event_2025-04-28_5,bldg_5,event,2025-04-28 18:00:19.966667,2025-04-28 21:00:19.966667,70
lecture_2025-04-29_1,bldg_1,lecture,2025-04-29 09:00:19.966667,2025-04-29 10:30:19.966667,97
lecture_2025-04-29_2,bldg_2,lecture,2025-04-29 09:00:19.966667,2025-04-29 10:30:19.966667,98
lecture_2025-04-29_3,bldg_3,lecture,2025-04-29 09:00:19.966667,2025-04-29 10:30:19.966667,40
lecture_2025-04-29_4,bldg_4,lecture,2025-04-29 09:00:19.966667,2025-04-29 10:30:19.966667,49
lecture_2025-04-29_5,bldg_5,lecture,2025-04-29 09:00:19.966667,2025-04-29 10:30:19.966667,93
lecture_2025-04-30_1,bldg_1,lecture,2025-04-30 09:00:19.966667,2025-04-30 10:30:19.966667,38
lecture_2025-04-30_2,bldg_2,lecture,2025-04-30 09:00:19.966667,2025-04-30 10:30:19.966667,70
lecture_2025-04-30_3,bldg_3,lecture,2025-04-30 09:00:19.966667,2025-04-30 10:30:19.966667,86
lecture_2025-04-30_4,bldg_4,lecture,2025-04-30 09:00:19.966667,2025-04-30 10:30:19.966667,39
lecture_2025-04-30_5,bldg_5,lecture,2025-04-30 09:00:19.966667,2025-04-30 10:30:19.966667,75
lecture_2025-05-01_1,bldg_1,lecture,2025-05-01 09:00:19.966667,2025-05-01 10:30:19.966667,65
lecture_2025-05-01_2,bldg_2,lecture,2025-05-01 09:00:19.966667,2025-05-01 10:30:19.966667,58
lecture_2025-05-01_3,bldg_3,lecture,2025-05-01 09:00:19.966667,2025-05-01 10:30:19.966667,43
lecture_2025-05-01_4,bldg_4,lecture,2025-05-01 09:00:19.966667,2025-05-01 10:30:19.966667,81
lecture_2025-05-01_5,bldg_5,lecture,2025-05-01 09:00:19.966667,2025-05-01 10:30:19.966667,36
lecture_2025-05-02_1,bldg_1,lecture,2025-05-02 09:00:19.966667,2025-05-02 10:30:19.966667,75
lecture_2025-05-02_2,bldg_2,lecture,2025-05-02 09:00:19.966667,2025-05-02 10:30:19.966667,81
lecture_2025-05-02_3,bldg_3,lecture,2025-05-02 09:00:19.966667,2025-05-02 10:30:19.966667,58
lecture_2025-05-02_4,bldg_4,lecture,2025-05-02 09:00:19.966667,2025-05-02 10:30:19.966667,93
lecture_2025-05-02_5,bldg_5,lecture,2025-05-02 09:00:19.966667,2025-05-02 10:30:19.966667,46
event_2025-05-03_5,bldg_5,exam,2025-05-03 18:00:19.966667,2025-05-03 21:00:19.966667,249
lecture_2025-05-05_1,bldg_1,lecture,2025-05-05 09:00:19.966667,2025-05-05 10:30:19.966667,63
lecture_2025-05-05_2,bldg_2,lecture,2025-05-05 09:00:19.966667,2025-05-05 10:30:19.966667,84
lecture_2025-05-05_3,bldg_3,lecture,2025-05-05 09:00:19.966667,2025-05-05 10:30:19.966667,63
lecture_2025-05-05_4,bldg_4,lecture,2025-05-05 09:00:19.966667,2025-05-05 10:30:19.966667,37
lecture_2025-05-05_5,bldg_5,lecture,2025-05-05 09:00:19.966667,2025-05-05 10:30:19.966667,93
lecture_2025-05-06_1,bldg_1,lecture,2025-05-06 09:00:19.966667,2025-05-06 10:30:19.966667,63
lecture_2025-05-06_2,bldg_2,lecture,2025-05-06 09:00:19.966667,2025-05-06 10:30:19.966667,60
lecture_2025-05-06_3,bldg_3,lecture,2025-05-06 09:00:19.966667,2025-05-06 10:30:19.966667,70
lecture_2025-05-06_4,bldg_4,lecture,2025-05-06 09:00:19.966667,2025-05-06 10:30:19.966667,87
lecture_2025-05-06_5,bldg_5,lecture,2025-05-06 09:00:19.966667,2025-05-06 10:30:19.966667,56
lecture_2025-05-07_1,bldg_1,lecture,2025-05-07 09:00:19.966667,2025-05-07 10:30:19.966667,98
lecture_2025-05-07_2,bldg_2,lecture,2025-05-07 09:00:19.966667,2025-05-07 10:30:19.966667,98
lecture_2025-05-07_3,bldg_3,lecture,2025-05-07 09:00:19.966667,2025-05-07 10:30:19.966667,96
lecture_2025-05-07_4,bldg_4,lecture,2025-05-07 09:00:19.966667,2025-05-07 10:30:19.966667,54
lecture_2025-05-07_5,bldg_5,lecture,2025-05-07 09:00:19.966667,2025-05-07 10:30:19.966667,71
lecture_2025-05-08_1,bldg_1,lecture,2025-05-08 09:00:19.966667,2025-05-08 10:30:19.966667,40
lecture_2025-05-08_2,bldg_2,lecture,2025-05-08 09:00:19.966667,2025-05-08 10:30:19.966667,34
lecture_2025-05-08_3,bldg_3,lecture,2025-05-08 09:00:19.966667,2025-05-08 10:30:19.966667,87
lecture_2025-05-08_4,bldg_4,lecture,2025-05-08 09:00:19.966667,2025-05-08 10:30:19.966667,75
lecture_2025-05-08_5,bldg_5,lecture,2025-05-08 09:00:19.966667,2025-05-08 10:30:19.966667,37
lecture_2025-05-09_1,bldg_1,lecture,2025-05-09 09:00:19.966667,2025-05-09 10:30:19.966667,96
lecture_2025-05-09_2,bldg_2,lecture,2025-05-09 09:00:19.966667,2025-05-09 10:30:19.966667,57
lecture_2025-05-09_3,bldg_3,lecture,2025-05-09 09:00:19.966667,2025-05-09 10:30:19.966667,57
lecture_2025-05-09_4,bldg_4,lecture,2025-05-09 09:00:19.966667,2025-05-09 10:30:19.966667,76
lecture_2025-05-09_5,bldg_5,lecture,2025-05-09 09:00:19.966667,2025-05-09 10:30:19.966667,59
lecture_2025-05-12_1,bldg_1,lecture,2025-05-12 09:00:19.966667,2025-05-12 10:30:19.966667,85
lecture_2025-05-12_2,bldg_2,lecture,2025-05-12 09:00:19.966667,2025-05-12 10:30:19.966667,97
lecture_2025-05-12_3,bldg_3,lecture,2025-05-12 09:00:19.966667,2025-05-12 10:30:19.966667,44
lecture_2025-05-12_4,bldg_4,lecture,2025-05-12 09:00:19.966667,2025-05-12 10:30:19.966667,64
lecture_2025-05-12_5,bldg_5,lecture,2025-05-12 09:00:19.966667,2025-05-12 10:30:19.966667,50
event_2025-05-12_4,bldg_4,event,2025-05-12 18:00:19.966667,2025-05-12 21:00:19.966667,214
lecture_2025-05-13_1,bldg_1,lecture,2025-05-13 09:00:19.966667,2025-05-13 10:30:19.966667,61
lecture_2025-05-13_2,bldg_2,lecture,2025-05-13 09:00:19.966667,2025-05-13 10:30:19.966667,43
lecture_2025-05-13_3,bldg_3,lecture,2025-05-13 09:00:19.966667,2025-05-13 10:30:19.966667,54
lecture_2025-05-13_4,bldg_4,lecture,2025-05-13 09:00:19.966667,2025-05-13 10:30:19.966667,34
lecture_2025-05-13_5,bldg_5,lecture,2025-05-13 09:00:19.966667,2025-05-13 10:30:19.966667,71
lecture_2025-05-14_1,bldg_1,lecture,2025-05-14 09:00:19.966667,2025-05-14 10:30:19.966667,70
lecture_2025-05-14_2,bldg_2,lecture,2025-05-14 09:00:19.966667,2025-05-14 10:30:19.966667,94
lecture_2025-05-14_3,bldg_3,lecture,2025-05-14 09:00:19.966667,2025-05-14 10:30:19.966667,48
lecture_2025-05-14_4,bldg_4,lecture,2025-05-14 09:00:19.966667,2025-05-14 10:30:19.966667,93
lecture_2025-05-14_5,bldg_5,lecture,2025-05-14 09:00:19.966667,2025-05-14 10:30:19.966667,35
lecture_2025-05-15_1,bldg_1,lecture,2025-05-15 09:00:19.966667,2025-05-15 10:30:19.966667,63
lecture_2025-05-15_2,bldg_2,lecture,2025-05-15 09:00:19.966667,2025-05-15 10:30:19.966667,30
lecture_2025-05-15_3,bldg_3,lecture,2025-05-15 09:00:19.966667,2025-05-15 10:30:19.966667,32
lecture_2025-05-15_4,bldg_4,lecture,2025-05-15 09:00:19.966667,2025-05-15 10:30:19.966667,87
lecture_2025-05-15_5,bldg_5,lecture,2025-05-15 09:00:19.966667,2025-05-15 10:30:19.966667,54
lecture_2025-05-16_1,bldg_1,lecture,2025-05-16 09:00:19.966667,2025-05-16 10:30:19.966667,45
lecture_2025-05-16_2,bldg_2,lecture,2025-05-16 09:00:19.966667,2025-05-16 10:30:19.966667,48
lecture_2025-05-16_3,bldg_3,lecture,2025-05-16 09:00:19.966667,2025-05-16 10:30:19.966667,80
lecture_2025-05-16_4,bldg_4,lecture,2025-05-16 09:00:19.966667,2025-05-16 10:30:19.966667,43
lecture_2025-05-16_5,bldg_5,lecture,2025-05-16 09:00:19.966667,2025-05-16 10:30:19.966667,73
event_2025-05-16_5,bldg_5,event,2025-05-16 18:00:19.966667,2025-05-16 21:00:19.966667,195
lecture_2025-05-19_1,bldg_1,lecture,2025-05-19 09:00:19.966667,2025-05-19 10:30:19.966667,71
lecture_2025-05-19_2,bldg_2,lecture,2025-05-19 09:00:19.966667,2025-05-19 10:30:19.966667,79
lecture_2025-05-19_3,bldg_3,lecture,2025-05-19 09:00:19.966667,2025-05-19 10:30:19.966667,78
lecture_2025-05-19_4,bldg_4,lecture,2025-05-19 09:00:19.966667,2025-05-19 10:30:19.966667,41
lecture_2025-05-19_5,bldg_5,lecture,2025-05-19 09:00:19.966667,2025-05-19 10:30:19.966667,41
lecture_2025-05-20_1,bldg_1,lecture,2025-05-20 09:00:19.966667,2025-05-20 10:30:19.966667,95
lecture_2025-05-20_2,bldg_2,lecture,2025-05-20 09:00:19.966667,2025-05-20 10:30:19.966667,74
lecture_2025-05-20_3,bldg_3,lecture,2025-05-20 09:00:19.966667,2025-05-20 10:30:19.966667,59
lecture_2025-05-20_4,bldg_4,lecture,2025-05-20 09:00:19.966667,2025-05-20 10:30:19.966667,41
lecture_2025-05-20_5,bldg_5,lecture,2025-05-20 09:00:19.966667,2025-05-20 10:30:19.966667,51
lecture_2025-05-21_1,bldg_1,lecture,2025-05-21 09:00:19.966667,2025-05-21 10:30:19.966667,30
lecture_2025-05-21_2,bldg_2,lecture,2025-05-21 09:00:19.966667,2025-05-21 10:30:19.966667,44
lecture_2025-05-21_3,bldg_3,lecture,2025-05-21 09:00:19.966667,2025-05-21 10:30:19.966667,47
lecture_2025-05-21_4,bldg_4,lecture,2025-05-21 09:00:19.966667,2025-05-21 10:30:19.966667,80
lecture_2025-05-21_5,bldg_5,lecture,2025-05-21 09:00:19.966667,2025-05-21 10:30:19.966667,84
lecture_2025-05-22_1,bldg_1,lecture,2025-05-22 09:00:19.966667,2025-05-22 10:30:19.966667,32
lecture_2025-05-22_2,bldg_2,lecture,2025-05-22 09:00:19.966667,2025-05-22 10:30:19.966667,99
lecture_2025-05-22_3,bldg_3,lecture,2025-05-22 09:00:19.966667,2025-05-22 10:30:19.966667,39
lecture_2025-05-22_4,bldg_4,lecture,2025-05-22 09:00:19.966667,2025-05-22 10:30:19.966667,37
lecture_2025-05-22_5,bldg_5,lecture,2025-05-22 09:00:19.966667,2025-05-22 10:30:19.966667,52
lecture_2025-05-23_1,bldg_1,lecture,2025-05-23 09:00:19.966667,2025-05-23 10:30:19.966667,72
lecture_2025-05-23_2,bldg_2,lecture,2025-05-23 09:00:19.966667,2025-05-23 10:30:19.966667,30
lecture_2025-05-23_3,bldg_3,lecture,2025-05-23 09:00:19.966667,2025-05-23 10:30:19.966667,91
lecture_2025-05-23_4,bldg_4,lecture,2025-05-23 09:00:19.966667,2025-05-23 10:30:19.966667,94
lecture_2025-05-23_5,bldg_5,lecture,2025-05-23 09:00:19.966667,2025-05-23 10:30:19.966667,31
lecture_2025-05-26_1,bldg_1,lecture,2025-05-26 09:00:19.966667,2025-05-26 10:30:19.966667,76
lecture_2025-05-26_2,bldg_2,lecture,2025-05-26 09:00:19.966667,2025-05-26 10:30:19.966667,100
lecture_2025-05-26_3,bldg_3,lecture,2025-05-26 09:00:19.966667,2025-05-26 10:30:19.966667,78
lecture_2025-05-26_4,bldg_4,lecture,2025-05-26 09:00:19.966667,2025-05-26 10:30:19.966667,55
lecture_2025-05-26_5,bldg_5,lecture,2025-05-26 09:00:19.966667,2025-05-26 10:30:19.966667,36
lecture_2025-05-27_1,bldg_1,lecture,2025-05-27 09:00:19.966667,2025-05-27 10:30:19.966667,51
lecture_2025-05-27_2,bldg_2,lecture,2025-05-27 09:00:19.966667,2025-05-27 10:30:19.966667,31
lecture_2025-05-27_3,bldg_3,lecture,2025-05-27 09:00:19.966667,2025-05-27 10:30:19.966667,73
lecture_2025-05-27_4,bldg_4,lecture,2025-05-27 09:00:19.966667,2025-05-27 10:30:19.966667,50
lecture_2025-05-27_5,bldg_5,lecture,2025-05-27 09:00:19.966667,2025-05-27 10:30:19.966667,85
lecture_2025-05-28_1,bldg_1,lecture,2025-05-28 09:00:19.966667,2025-05-28 10:30:19.966667,100
lecture_2025-05-28_2,bldg_2,lecture,2025-05-28 09:00:19.966667,2025-05-28 10:30:19.966667,74
lecture_2025-05-28_3,bldg_3,lecture,2025-05-28 09:00:19.966667,2025-05-28 10:30:19.966667,67
lecture_2025-05-28_4,bldg_4,lecture,2025-05-28 09:00:19.966667,2025-05-28 10:30:19.966667,68
lecture_2025-05-28_5,bldg_5,lecture,2025-05-28 09:00:19.966667,2025-05-28 10:30:19.966667,93
event_2025-05-28_1,bldg_1,exam,2025-05-28 18:00:19.966667,2025-05-28 21:00:19.966667,100
lecture_2025-05-29_1,bldg_1,lecture,2025-05-29 09:00:19.966667,2025-05-29 10:30:19.966667,80
lecture_2025-05-29_2,bldg_2,lecture,2025-05-29 09:00:19.966667,2025-05-29 10:30:19.966667,93
lecture_2025-05-29_3,bldg_3,lecture,2025-05-29 09:00:19.966667,2025-05-29 10:30:19.966667,32
lecture_2025-05-29_4,bldg_4,lecture,2025-05-29 09:00:19.966667,2025-05-29 10:30:19.966667,76
lecture_2025-05-29_5,bldg_5,lecture,2025-05-29 09:00:19.966667,2025-05-29 10:30:19.966667,38
event_2025-05-29_1,bldg_1,event,2025-05-29 18:00:19.966667,2025-05-29 21:00:19.966667,254
lecture_2025-05-30_1,bldg_1,lecture,2025-05-30 09:00:19.966667,2025-05-30 10:30:19.966667,62
lecture_2025-05-30_2,bldg_2,lecture,2025-05-30 09:00:19.966667,2025-05-30 10:30:19.966667,62
lecture_2025-05-30_3,bldg_3,lecture,2025-05-30 09:00:19.966667,2025-05-30 10:30:19.966667,68
lecture_2025-05-30_4,bldg_4,lecture,2025-05-30 09:00:19.966667,2025-05-30 10:30:19.966667,87
lecture_2025-05-30_5,bldg_5,lecture,2025-05-30 09:00:19.966667,2025-05-30 10:30:19.966667,84
event_2025-06-01_1,bldg_1,event,2025-06-01 18:00:19.966667,2025-06-01 21:00:19.966667,291
lecture_2025-06-02_1,bldg_1,lecture,2025-06-02 09:00:19.966667,2025-06-02 10:30:19.966667,94
lecture_2025-06-02_2,bldg_2,lecture,2025-06-02 09:00:19.966667,2025-06-02 10:30:19.966667,82
lecture_2025-06-02_3,bldg_3,lecture,2025-06-02 09:00:19.966667,2025-06-02 10:30:19.966667,67
lecture_2025-06-02_4,bldg_4,lecture,2025-06-02 09:00:19.966667,2025-06-02 10:30:19.966667,71
lecture_2025-06-02_5,bldg_5,lecture,2025-06-02 09:00:19.966667,2025-06-02 10:30:19.966667,54
lecture_2025-06-03_1,bldg_1,lecture,2025-06-03 09:00:19.966667,2025-06-03 10:30:19.966667,33
lecture_2025-06-03_2,bldg_2,lecture,2025-06-03 09:00:19.966667,2025-06-03 10:30:19.966667,70
lecture_2025-06-03_3,bldg_3,lecture,2025-06-03 09:00:19.966667,2025-06-03 10:30:19.966667,54
lecture_2025-06-03_4,bldg_4,lecture,2025-06-03 09:00:19.966667,2025-06-03 10:30:19.966667,46
lecture_2025-06-03_5,bldg_5,lecture,2025-06-03 09:00:19.966667,2025-06-03 10:30:19.966667,42
lecture_2025-06-04_1,bldg_1,lecture,2025-06-04 09:00:19.966667,2025-06-04 10:30:19.966667,52
lecture_2025-06-04_2,bldg_2,lecture,2025-06-04 09:00:19.966667,2025-06-04 10:30:19.966667,92
lecture_2025-06-04_3,bldg_3,lecture,2025-06-04 09:00:19.966667,2025-06-04 10:30:19.966667,71
lecture_2025-06-04_4,bldg_4,lecture,2025-06-04 09:00:19.966667,2025-06-04 10:30:19.966667,71
lecture_2025-06-04_5,bldg_5,lecture,2025-06-04 09:00:19.966667,2025-06-04 10:30:19.966667,64
event_2025-06-04_1,bldg_1,event,2025-06-04 18:00:19.966667,2025-06-04 21:00:19.966667,84
lecture_2025-06-05_1,bldg_1,lecture,2025-06-05 09:00:19.966667,2025-06-05 10:30:19.966667,37
lecture_2025-06-05_2,bldg_2,lecture,2025-06-05 09:00:19.966667,2025-06-05 10:30:19.966667,83
lecture_2025-06-05_3,bldg_3,lecture,2025-06-05 09:00:19.966667,2025-06-05 10:30:19.966667,45
lecture_2025-06-05_4,bldg_4,lecture,2025-06-05 09:00:19.966667,2025-06-05 10:30:19.966667,83
lecture_2025-06-05_5,bldg_5,lecture,2025-06-05 09:00:19.966667,2025-06-05 10:30:19.966667,39
